{
    "rxn00423_c0": 0.0167181955329641,
    "rxn00364_c0": 0.11606162629100489,
    "rxn03408_c0": 0.006712709753278124,
    "rxn00935_c0": -1.1420342630703373,
    "rxn01673_c0": 0.0013153215496041642,
    "rxn05625_c0": -0.008020955017657741,
    "rxn04070_c0": 0.0003348143765710552,
    "rxn00199_c0": 0.2546632236271889,
    "rxn00800_c0": 0.04232262030783311,
    "rxn10336_c0": 0.005190213615170988,
    "rxn02320_c0": -0.016008485197362532,
    "rxn02504_c0": 0.0010044431297131654,
    "rxn05334_c0": 0.07508525768775874,
    "rxn05040_c0": 0.001339257506284221,
    "rxn01636_c0": 0.05049379054718056,
    "rxn02988_c0": -0.000669628753142109,
    "rxn01117_c0": -0.01342541950655625,
    "rxn00710_c0": 0.03594405177658376,
    "rxn02305_c0": 0.00033481437657105527,
    "rxn00470_c0": 0.0006696287531421104,
    "rxn00910_c0": -0.08154215093835517,
    "rxn01297_c0": 0.0020088862594263295,
    "rxn03181_c0": 0.006712709753278125,
    "rxn02331_c0": -0.01342541950655625,
    "rxn00337_c0": 0.23535871857393217,
    "rxn05346_c0": 0.07508525768775873,
    "rxn05733_c0": 0.016718195532964098,
    "rxn02376_c0": 0.06971827355093965,
    "rxn12512_c0": 0.0006696287531422235,
    "rxn00902_c0": -0.0758154664122282,
    "rxn01739_c0": 0.06745686514661803,
    "rxn01974_c0": 0.06436124352580276,
    "rxn00060_c0": 0.0006696287531421104,
    "rxn00225_c0": 0.1093420653418781,
    "rxn05350_c0": 0.07508525768775871,
    "rxn00100_c0": 0.0006696287531422235,
    "rxn00789_c0": -0.016008485197362535,
    "rxn03436_c0": 0.04883487338296549,
    "rxn00781_c0": -0.46669685978813213,
    "rxn08336_c0": 0.03594405177658375,
    "rxn02264_c0": 0.0006696287531421103,
    "rxn09202_c0": 0.005190213615170987,
    "rxn00097_c0": 0.2820757004968667,
    "rxn02212_c0": 0.06745686514661806,
    "rxn00250_c0": -0.6377286844981835,
    "rxn05324_c0": -0.07508525768775874,
    "rxn10481_c0": 0.0003348143765710552,
    "rxn00692_c0": -0.20268326081880736,
    "rxn00802_c0": 0.04982416179403846,
    "rxn03958_c0": -0.0818753523237647,
    "rxn01362_c0": -0.03594405177658375,
    "rxn05329_c0": 0.07508525768775871,
    "rxn00549_c0": 0.13656147635294344,
    "rxn08766_c0": 0.07508525768775871,
    "rxn05461_c0": 0.04152170892136811,
    "rxn02159_c0": 0.016008485197362532,
    "rxn00269_c0": 0.040600170094101024,
    "rxn05466_c0": 1.7335784137559935,
    "rxn00917_c0": 0.02877525303369715,
    "rxn00300_c0": 0.0006696287531421105,
    "rxn05335_c0": 0.0415217089213681,
    "rxn06078_c0": 0.031407534572982364,
    "rxn05595_c0": 0.0006696287531421104,
    "rxn05348_c0": 0.07508525768775874,
    "rxn00907_c0": 0.1191561595777058,
    "rxn02404_c0": 0.01342541950655625,
    "rxn09188_c0": -0.8538754224954999,
    "rxn08822_c0": -0.020760854460683948,
    "rxn05030_c0": 0.006712709753278123,
    "rxn05345_c0": 0.0683725479344806,
    "rxn00336_c0": 2.0323071910883317,
    "rxn01465_c0": -0.03594405177658375,
    "rxn01872_c0": -0.06971827355093965,
    "rxn01301_c0": -0.17099747504812934,
    "rxn01643_c0": -0.23535871857393215,
    "rxn00248_c0": 3.799219841840095,
    "rxn00499_c0": -0.0842200276854063,
    "rxn01637_c0": -0.05049379054718057,
    "rxn00392_c0": 0.0003348143765710552,
    "rxn00747_c0": 0.16837238679711147,
    "rxn00029_c0": 0.0026785150125684413,
    "rxn09128_c0": -0.020760854460683948,
    "rxn02175_c0": 0.0006696287531422235,
    "rxn02835_c0": 0.016008485197362532,
    "rxn02774_c0": 0.0003348143765710552,
    "rxn01575_c0": -0.04883487338296549,
    "rxn00555_c0": 0.02685083901311249,
    "rxn03435_c0": -0.04883487338296549,
    "rxn03080_c0": 0.0013392575062842209,
    "rxn00737_c0": 0.04916968775953654,
    "rxn01256_c0": 0.05591483601685223,
    "rxn00777_c0": -0.09494596032699047,
    "rxn01740_c0": -0.06745686514661804,
    "rxn05327_c0": -0.07508525768775874,
    "rxn08353_c0": 0.0003348143765710552,
    "rxn00251_c0": 0.8921174621477942,
    "rxn00790_c0": -0.05341531626131245,
    "rxn03910_c0": 0.0818753523237647,
    "rxn00237_c0": 0.07011736616849715,
    "rxn08311_c0": 0.020760854460683948,
    "rxn03175_c0": 0.016008485197362532,
    "rxn05336_c0": -0.04152170892136809,
    "rxn09210_c0": 0.005190213615170988,
    "rxn00126_c0": 0.0023437006359973847,
    "rxn05340_c0": -0.07508525768775876,
    "rxn00299_c0": 0.0010044431297131654,
    "rxn03159_c0": 0.006712709753278125,
    "rxn01000_c0": 0.031207552603847194,
    "rxn01300_c0": 0.09179902474577162,
    "rxn00786_c0": -0.13656147635294344,
    "rxn03908_c0": 0.0818753523237647,
    "rxn01100_c0": 0.4666968597881321,
    "rxn00838_c0": 0.04232262030783311,
    "rxn01255_c0": 0.06745686514661804,
    "rxn05296_c0": 0.1138688567151094,
    "rxn01211_c0": 0.06942380145867497,
    "rxn05322_c0": -0.07508525768775871,
    "rxn00966_c0": -0.00033481437657105516,
    "rxn01917_c0": 0.05049379054718056,
    "rxn08527_c0": 0.0362788661531548,
    "rxn02011_c0": 0.006712709753278124,
    "rxn00173_c0": -0.1093420653418781,
    "rxn08528_c0": 0.0003348143765710552,
    "rxn09176_c0": -0.5648701131817389,
    "rxn10122_c0": 7.945603976516123,
    "rxn08352_c0": 0.0077171528829912866,
    "rxn09106_c0": 0.015570640845512962,
    "rxn00772_c0": 0.00200888625942633,
    "rxn05338_c0": -0.07508525768775874,
    "rxn03135_c0": -0.016008485197362532,
    "rxn05337_c0": -0.07508525768775873,
    "rxn03147_c0": 0.05308050188474139,
    "rxn03843_c0": 0.006712709753278123,
    "rxn01116_c0": -0.10971063733983094,
    "rxn02811_c0": -0.07581546641222821,
    "rxn03062_c0": 0.07581546641222821,
    "rxn01544_c0": -0.0020088862594263295,
    "rxn00863_c0": 0.016008485197362532,
    "rxn09113_c0": 0.015570640845512962,
    "rxn01270_c0": -0.024707283413005033,
    "rxn02402_c0": -0.000669628753142109,
    "rxn08291_c0": -0.10623114788700147,
    "rxn05465_c0": 0.5268422542160103,
    "rxn06077_c0": 0.05305220192779207,
    "rxn00145_c0": 0.0842200276854063,
    "rxn01303_c0": 0.0791984503023578,
    "rxn00113_c0": 0.027962285173190087,
    "rxn02286_c0": 0.006712709753278123,
    "rxn00832_c0": -0.06908898708210393,
    "rxn00360_c0": 0.00033481437657105516,
    "rxn01106_c0": 0.7370656025947236,
    "rxn00931_c0": 0.8166422041151173,
    "rxn00066_c0": 0.041939427600385236,
    "rxn08756_c0": 0.0741581994407734,
    "rxn05115_c0": 0.05308050188474139,
    "rxn00650_c0": -0.0003348143765710552,
    "rxn03167_c0": 0.0010044431297131654,
    "rxn03005_c0": -0.04973235811903083,
    "rxn03437_c0": 0.048834873382965494,
    "rxn01353_c0": 0.0013153215496041642,
    "rxn00616_c0": -0.031141281691025924,
    "rxn06723_c0": -0.01342541950655625,
    "rxn00313_c0": 0.057648533772524636,
    "rxn05325_c0": -0.07508525768775873,
    "rxn02895_c0": 0.05341531626131244,
    "rxn02508_c0": 0.009533142870339491,
    "rxn00420_c0": 0.2703687428065915,
    "rxn14334_c0": 0.006712709753278123,
    "rxn05005_c0": 0.0003348143765710552,
    "rxn02939_c0": 0.0003348143765710552,
    "rxn00048_c0": 0.0006696287531421104,
    "rxn05231_c0": 0.0013153215496041642,
    "rxn00283_c0": -0.09280572838044522,
    "rxn00726_c0": 0.009533142870339486,
    "rxn00379_c0": -0.00033481437657105516,
    "rxn05330_c0": 0.07508525768775873,
    "rxn02475_c0": 0.0006696287531421105,
    "rxn05339_c0": -0.07508525768775871,
    "rxn05460_c0": 0.0415217089213681,
    "rxn09039_c0": 0.00033481437657105516,
    "rxn03108_c0": 0.00033481437657105527,
    "rxn01018_c0": 0.03594405177658376,
    "rxn03146_c0": 0.013425419506556248,
    "rxn03893_c0": 0.0003348143765710552,
    "rxn02789_c0": 0.0758154664122282,
    "rxn00410_c0": 0.017331383413726965,
    "rxn01333_c0": -0.020959478908320926,
    "rxn12510_c0": 0.0006696287531422234,
    "rxn05342_c0": -0.0683725479344806,
    "rxn00414_c0": 0.05780592839743213,
    "rxn00799_c0": -0.5832737744576131,
    "rxn02405_c0": 0.01342541950655625,
    "rxn02200_c0": 0.0010044431297131656,
    "rxn01069_c0": 0.09179902474577162,
    "rxn00791_c0": -0.009533142870339491,
    "rxn05029_c0": 0.0003348143765710552,