{
    "rxn12357_c0": -0.005348462383741422,
    "rxn00947_c0": -0.009803054730801295,
    "rxn00100_c0": 0.001875363807104401,
    "rxn04783_c0": -0.2970789508106631,
    "rxn15467_c0": 0.4313261720433748,
    "rxn12353_c0": 0.0025405196322771757,
    "rxn06556_c0": -0.0023376714095109043,
    "rxn00338_c0": 0.005157250469536446,
    "rxn01974_c0": 0.15673866309206916,
    "rxn00062_c0": -1.390997708658334,
    "rxn08353_c0": 0.0018753638071044023,
    "rxn12232_c0": -2.3023527808632376,
    "rxn01299_c0": -0.11461939550484294,
    "rxn02011_c0": 0.013588393679979025,
    "rxn00929_c0": -0.11452021552967213,
    "rxn02834_c0": 0.02863005388241803,
    "rxn12280_c0": -0.03602151680575213,
    "rxn00205_c0": -2.711119809891081,
    "rxn03908_c0": 0.03563191233498364,
    "rxn01106_c0": 0.9182973111602474,
    "rxn03137_c0": 0.19133047044485715,
    "rxn03394_c0": 0.0009376819035522012,
    "rxn08291_c0": -0.016306072415974673,
    "rxn20547_c0": 0.009074135760151847,
    "rxn00737_c0": 0.14315026941209016,
    "rxn20472_c0": 0.0018753638071044023,
    "rxn19256_c0": 0.003265812145561896,
    "rxn02302_c0": -0.9574478415136564,
    "rxn03907_c0": 0.03563191233498363,
    "rxn12356_c0": 0.002529822707509693,
    "rxn01781_c0": -0.000278120043954554,
    "rxn00379_c0": 0.12014630695098537,
    "rxn03084_c0": 0.16457578036954354,
    "rxn02264_c0": 0.0037507276142088064,
    "rxn05324_c0": 0.0009993099155161096,
    "rxn01644_c0": 0.15673866309206919,
    "rxn12348_c0": -0.0010892480978954195,
    "rxn05040_c0": 0.00656377332486545,
    "rxn06443_c0": 0.057260107764836046,
    "rxn06510_c0": 0.015670965764971054,
    "EXF_DASH_PYRUVATE_LBRACKET_Extraorganism_RBRACKET_": -5.0,
    "rxn01629_c0": -0.03000582091367045,
    "rxn01329_c0": 0.020212660228118656,
    "rxn03910_c0": 0.03563191233498363,
    "rxn00957_c0": 0.0018753638071044019,
    "rxn00907_c0": 0.6529852016250639,
    "rxn02944_c0": -0.08589016164725406,
    "rxn00293_c0": 0.028069028355954574,
    "rxn02167_c0": 0.07050600964975826,
    "rxn09014_c0": -0.03413842521981439,
    "rxn00178_c0": 0.07050600964975826,
    "rxn19846_c0": -0.03000582091367045,
    "rxn02869_c0": -0.052497372475276236,
    "rxn03244_c0": -0.07050600964975823,
    "rxn00414_c0": 0.17949344701696102,
    "rxn00060_c0": 0.003750727614208807,
    "rxn01675_c0": 0.020334423241541055,
    "rxn01069_c0": 0.28630053882418033,
    "rxn02971_c0": -0.14690099702629916,
    "rxn02331_c0": -0.0008922409959965309,
    "rxn00525_c0": 0.059135471571940455,
    "rxn12320_c0": -0.010186887588088826,
    "rxn01200_c0": 0.1373557453782116,
    "rxn00147_c0": 0.8891799156137056,
    "rxn12350_c0": 0.005348462383741422,
    "rxn12332_c0": 0.00044612049799826534,
    "rxn00209_c0": 0.0018753638071044019,
    "rxn01256_c0": 0.1163955793367765,
    "rxn03395_c0": 0.001875363807104402,
    "rxn00785_c0": 0.139231109185316,
    "rxn00979_c0": 0.001875363807104589,
    "rxn00598_c0": 0.14690099702629916,
    "rxn00077_c0": 0.001640943331215691,
    "rxn01678_c0": 0.023161077144753912,
    "rxn01790_c0": -0.001875363807104402,
    "rxn02988_c0": -0.005157250469536445,
    "rxn02186_c0": 0.4313261720433748,
    "rxn03159_c0": 0.0004461204979982654,
    "rxn00692_c0": -0.6686645674104414,
    "rxn00461_c0": 0.013588393679979023,
    "rxn03393_c0": 0.0018753638071044023,
    "EXF_DASH_CARBON_DASH_DIOXIDE_LBRACKET_Extraorganism_RBRACKET_": -3.6639052436630997,
    "rxn05231_c0": 0.01380400197827333,
    "rxn12307_c0": 0.02191820231920736,
    "rxn09272_c0": -1.745860996289416,
    "rxn02003_c0": -0.020334423241541055,
    "rxn03146_c0": 0.0008922409959965308,
    "rxn00946_c0": -0.01540326642493054,
    "rxn10204_c0": 0.0010892480978954193,
    "rxn46484_c0": 0.028630053882418027,
    "rxn00063_c0": -17.556878768225328,
    "rxn03445_c0": -0.0018753638071044019,
    "rxn03397_c0": 0.0018753638071044023,
    "rxn03253_c0": -0.07050600964975821,
    "rxn00189_c0": -0.7617584374012002,
    "rxn08434_c0": -4.7926916307397005e-05,
    "rxn03130_c0": 0.00044612049799826545,
    "rxn01603_c0": 0.0018753638071045894,
    "rxn12358_c0": 0.005348462383741422,
    "rxn03437_c0": 0.14315026941209014,
    "rxn12223_c0": 0.0018753638071044019,
    "TRIACYLGLYCEROL_W_DASH_RXN": 0.0010892480978954191,
    "rxn02804_c0": 0.01540326642493054,
    "rxn00126_c0": 0.01125218284262641,
    "rxn03243_c0": 0.0705060096497582,
    "rxn03031_c0": 0.15673866309206919,
    "rxn02285_c0": -0.013588393679979025,
    "rxn03240_c0": 0.015403266424930537,
    "rxn12354_c0": 0.0025405196322771757,
    "rxn00224_c0": 0.0018753638071044019,
    "rxn00640_c0": 0.020212660228118653,
    "rxn00903_c0": -0.22904043105934419,
    "rxn03181_c0": 0.0004461204979982654,
    "rxn00493_c0": -0.05726010776483605,
    "rxn02160_c0": 0.02863005388241803,
    "rxn01360_c0": 0.17949344701696104,
    "rxn00159_c0": -2.4933572680884,
    "rxn01465_c0": -0.17949344701696104,
    "rxn00834_c0": 0.0767110749400143,
    "rxn02143_c0": -0.14690099702629916,
    "rxn01301_c0": -0.34543601039612093,
    "CYT_DASH_UBIQUINOL_DASH_OXID_DASH_D_DASH_RXN": -1.15480941166422,
    "rxn12361_c0": 0.2801655374053892,
    "rxn05039_c0": 0.0032818866624327258,
    "EXF_DASH_OXYGEN_DASH_MOLECULE_LBRACKET_Extraorganism_RBRACKET_": 6.455520223146273,
    "rxn05342_c0": -0.0007851720764769472,
    "rxn01211_c0": 0.6529852016250638,
    "rxn00262_c0": -2.901396598798892,
    "rxn05467_c0": 3.6639052436630997,
    "rxn00874_c0": 0.07050600964975824,
    "rxn04070_c0": 0.0018753638071044019,
    "rxn12340_c0": 0.01173018084424189,
    "rxn00549_c0": 0.36553738963068294,
    "rxn12450_c0": 0.3844451318764726,
    "rxn12360_c0": 0.046322154289507825,
    "rxn02286_c0": 0.013588393679979025,
    "rxn00806_c0": -0.20041037717692622,
    "rxn00161_c0": -0.21384292426466964,
    "rxn00463_c0": -0.20473582146970276,
    "rxn12268_c0": -0.052497372475276236,
    "rxn02175_c0": 0.0018753638071044012,
    "rxn02927_c0": -0.08589016164725406,
    "rxn00727_c0": -0.11827094314388112,
    "rxn00001_c0": -16.33723500759648,
    "rxn00872_c0": -0.07050600964975826,
    "rxn41902_c0": 0.11452021552967209,
    "rxn02056_c0": -0.0018753638071044019,
    "rxn09177_c0": 0.0018753638071044019,
    "rxn09167_c0": -1.272357248117597,
    "rxn41196_c0": 0.11452021552967209,
    "rxn03638_c0": 0.028069028355954578,
    "EXF_DASH_FORMATE_LBRACKET_Extraorganism_RBRACKET_": 0.31255070221927467,
    "rxn12342_c0": 0.0021784961957908387,
    "rxn08981_c0": -0.005157250469536514,
    "rxn02895_c0": 0.16457578036954357,
    "EXF_DASH_WATER_LBRACKET_Extraorganism_RBRACKET_": 15.94770884463171,
    "GLYCEROL_DASH_3_DASH_P_DASH_ACYLTRANSFER_DASH_TAG_DASH_RXN": 0.0010892480978954193,
    "rxn05470_c0": -0.0018753638071045892,
    "rxn04996_c0": -0.003750727614208805,
    "rxn03439_c0": 0.0004461204979982654,
    "rxn12305_c0": 0.00044612049799826534,
    "rxn01117_c0": -0.0008922409959965309,
    "rxn00256_c0": 1.1240396126260925,
    "rxn00588_c0": -0.14690099702629913,
    "rxn03164_c0": 0.013588393679979023,
    "rxn03893_c0": 0.0018753638071044023,
    "rxn00213_c0": 0.02033442324154106,
    "rxn01213_c0": 0.003750727614208805,
    "rxn03241_c0": 0.015670965764971054,
    "rxn02402_c0": -0.005157250469536445,
    "rxn01973_c0": 0.15673866309206916,
    "rxn00558_c0": -0.04066884648308212,
    "rxn10092_c0": 0.03563191233498363,
    "rxn02929_c0": -0.15673866309206919,
    "rxn02159_c0": 0.028630053882418027,
    "rxn03175_c0": 0.028630053882418027,
    "rxn01466_c0": 0.003750727614208805,
    "rxn09449_c0": -0.0053220916501746825,
    "rxn01333_c0": -0.1373557453782116,
    "rxn02474_c0": -0.0032818866624327258,
    "rxn02789_c0": 0.20041037717692622,
    "rxn12420_c0": 0.003750727614208804,
    "rxn06777_c0": -0.015670965764971054,
    "rxn05468_c0": -6.455520223146273,
    "rxn01018_c0": 0.17949344701696102,
    "rxn00952_c0": 1.016583313085597,
    "rxn00285_c0": 0.5457688880818395,
    "rxn00790_c0": -0.16457578036954357,