{
    "rxn12357_c0": -0.005348462383741559,
    "rxn00947_c0": -0.009022063844610516,
    "rxn00100_c0": 0.0018753638071047642,
    "rxn00305_c0": -0.18597629756746825,
    "rxn04783_c0": -0.29707895081071056,
    "rxn15467_c0": 0.4313261720433862,
    "rxn12353_c0": 0.0025405196322772407,
    "rxn06556_c0": -0.0023376714095109507,
    "rxn00338_c0": 0.005157250469537533,
    "rxn01974_c0": 0.15673866309207318,
    "rxn00062_c0": -1.6205720364487688,
    "rxn08353_c0": 0.00187536380710445,
    "rxn12232_c0": -1.154481141912971,
    "rxn01299_c0": -0.11461939550480586,
    "rxn02011_c0": 0.013588393679979374,
    "rxn00929_c0": 0.11452021552967503,
    "rxn02834_c0": 0.028630053882418762,
    "rxn12280_c0": -0.03602151680575307,
    "rxn00205_c0": -2.711119809891111,
    "rxn03908_c0": 0.03563191233498456,
    "rxn03137_c0": 0.19133047044482188,
    "rxn03394_c0": 0.000937681903552225,
    "rxn08291_c0": -0.01630607241597784,
    "rxn20547_c0": 0.009074135760152077,
    "rxn00737_c0": 0.14315026941209383,
    "rxn20472_c0": 0.00187536380710445,
    "rxn19256_c0": 0.00326581214556198,
    "rxn02302_c0": -0.9574478415136415,
    "rxn03907_c0": 0.035631912334984556,
    "rxn12356_c0": 0.002529822707509758,
    "rxn01781_c0": 0.0002781200439545611,
    "rxn00379_c0": 0.12014630695098877,
    "rxn03084_c0": 0.16457578036950754,
    "rxn02264_c0": 0.0037507276142089018,
    "rxn05324_c0": -0.0009993099155161196,
    "rxn01644_c0": 0.15673866309207318,
    "rxn05040_c0": 0.0065637733248655765,
    "rxn06443_c0": 0.05726010776483752,
    "rxn06510_c0": -0.015670965764971453,
    "EXF_DASH_PYRUVATE_LBRACKET_Extraorganism_RBRACKET_": -5.0,
    "rxn01629_c0": 0.030005820913671214,
    "rxn01329_c0": -0.020212660228119173,
    "rxn03910_c0": 0.035631912334984556,
    "rxn00957_c0": 0.0018753638071044502,
    "rxn00907_c0": 0.65298520162504,
    "rxn02944_c0": -0.08589016164725627,
    "rxn00293_c0": 0.028069028355955296,
    "rxn02167_c0": -0.07050600964976009,
    "rxn09014_c0": -0.0341384252198152,
    "rxn00178_c0": -0.07050600964976009,
    "rxn19846_c0": 0.030005820913671214,
    "rxn02869_c0": -0.052497372475277616,
    "rxn03244_c0": -0.07050600964976005,
    "rxn00414_c0": 0.17949344701696562,
    "rxn00060_c0": 0.0037507276142089018,
    "rxn01675_c0": 0.02033442324154158,
    "rxn01069_c0": 0.28630053882418754,
    "rxn02971_c0": -0.8356239803964634,
    "rxn02331_c0": 0.0008922409959965538,
    "rxn00525_c0": 0.05913547157194196,
    "rxn12320_c0": -0.010186887588089074,
    "rxn01200_c0": -0.3669300731682557,
    "rxn00147_c0": -6.176989034496873,
    "rxn12350_c0": 0.005348462383741559,
    "rxn12332_c0": 0.0004461204979982767,
    "rxn00209_c0": 0.00187536380710445,
    "rxn01256_c0": 0.11639557933677948,
    "rxn03395_c0": 0.00187536380710445,
    "rxn00785_c0": 0.31991754639480013,
    "rxn00979_c0": 0.0018753638071045552,
    "rxn12345_c0": 0.0010892480978954473,
    "rxn00598_c0": -0.8356239803964634,
    "rxn00077_c0": 0.0016409433312166892,
    "rxn01678_c0": 0.02316107714475462,
    "rxn01790_c0": -0.001875363807104765,
    "rxn02988_c0": 0.005157250469537533,
    "rxn02186_c0": 0.4313261720433862,
    "rxn03159_c0": 0.00044612049799827683,
    "rxn00692_c0": -0.6686645674104186,
    "rxn00461_c0": 0.01358839367997937,
    "rxn03393_c0": 0.00187536380710445,
    "EXF_DASH_CARBON_DASH_DIOXIDE_LBRACKET_Extraorganism_RBRACKET_": -3.6639052436632324,
    "rxn05231_c0": 0.013804001978273684,
    "rxn12307_c0": 0.021918202319207918,
    "rxn09272_c0": -2.205009651869592,
    "rxn02003_c0": 0.02033442324154158,
    "rxn03146_c0": 0.0008922409959965534,
    "rxn00946_c0": -0.015403266424930928,
    "rxn10204_c0": 0.0010892480978954475,
    "rxn46484_c0": 0.028630053882418755,
    "rxn00063_c0": -11.08753390079915,
    "rxn03445_c0": 0.00187536380710445,
    "rxn09039_c0": 0.00187536380710445,
    "rxn03253_c0": -0.07050600964976003,
    "rxn00189_c0": -0.07303545403098483,
    "rxn08434_c0": -4.792691630739967e-05,
    "rxn03130_c0": 0.00044612049799827683,
    "rxn01603_c0": 0.0018753638071045558,
    "rxn12358_c0": 0.0053484623837415585,
    "rxn03437_c0": 0.14315026941209383,
    "rxn12223_c0": 0.0018753638071044502,
    "TRIACYLGLYCEROL_W_DASH_RXN": 0.0010892480978954473,
    "rxn02804_c0": -0.01540326642493093,
    "rxn00126_c0": 0.011252182842626699,
    "rxn03243_c0": -0.07050600964976005,
    "rxn03031_c0": 0.15673866309207318,
    "rxn02285_c0": 0.013588393679979374,
    "rxn03240_c0": -0.015403266424930928,
    "rxn12354_c0": 0.0025405196322772407,
    "rxn00224_c0": 0.0018753638071044502,
    "rxn00640_c0": 0.020212660228119173,
    "rxn00903_c0": 0.22904043105935007,
    "rxn03181_c0": 0.0004461204979982768,
    "rxn00493_c0": 0.05726010776483752,
    "rxn02160_c0": 0.02863005388241876,
    "rxn01360_c0": 0.17949344701696562,
    "rxn00159_c0": -0.42718831797811035,
    "rxn01465_c0": -0.17949344701696568,
    "rxn00834_c0": 0.07671107494001617,
    "rxn02143_c0": -0.8356239803964635,
    "rxn01301_c0": 0.3454360103961295,
    "CYT_DASH_UBIQUINOL_DASH_OXID_DASH_D_DASH_RXN": -0.9252350838742167,
    "rxn12361_c0": 0.28016553740539635,
    "rxn05039_c0": 0.0032818866624327882,
    "EXF_DASH_OXYGEN_DASH_MOLECULE_LBRACKET_Extraorganism_RBRACKET_": 6.455520223146344,
    "rxn05342_c0": 0.000785172076476967,
    "rxn01211_c0": 0.6529852016250399,
    "rxn00262_c0": -2.9013965987989203,
    "rxn05467_c0": 3.6639052436632324,
    "rxn00874_c0": -0.07050600964976007,
    "rxn04070_c0": 0.00187536380710445,
    "rxn12340_c0": 0.01173018084424219,
    "rxn00549_c0": 0.13596306184061327,
    "rxn12450_c0": 0.38444513187632523,
    "rxn12360_c0": 0.04632215428950901,
    "rxn02286_c0": 0.013588393679979372,
    "rxn00806_c0": 0.20041037717693133,
    "rxn00161_c0": -2.509586202165178,
    "rxn00463_c0": -0.20473582146970795,
    "rxn12268_c0": -0.05249737247527762,
    "rxn12343_c0": 0.0010892480978954473,
    "rxn02175_c0": 0.0018753638071047642,
    "rxn02927_c0": -0.08589016164725627,
    "rxn00727_c0": -0.8069939265140443,
    "rxn00001_c0": -8.718929253122127,
    "rxn00872_c0": -0.07050600964976009,
    "rxn41902_c0": 0.11452021552967502,
    "rxn02056_c0": 0.0018753638071044502,
    "rxn09177_c0": 0.0018753638071047649,
    "rxn09167_c0": -0.12448560916742137,
    "rxn01255_c0": -0.6887229833701516,
    "rxn41196_c0": 0.11452021552967502,
    "rxn03638_c0": 0.028069028355955296,
    "EXF_DASH_FORMATE_LBRACKET_Extraorganism_RBRACKET_": 0.31255070221932274,
    "rxn12342_c0": 0.002178496195790894,
    "rxn08981_c0": -0.005157250469537533,
    "rxn02895_c0": 0.16457578036950754,
    "EXF_DASH_WATER_LBRACKET_Extraorganism_RBRACKET_": 15.94770884463178,
    "GLYCEROL_DASH_3_DASH_P_DASH_ACYLTRANSFER_DASH_TAG_DASH_RXN": 0.0010892480978954473,
    "rxn05470_c0": -0.0018753638071045552,
    "rxn04996_c0": 0.0037507276142089,
    "rxn03439_c0": 0.0004461204979982768,
    "rxn12305_c0": 0.0004461204979982768,
    "rxn01117_c0": -0.0008922409959965538,
    "rxn00256_c0": -0.8944652848360991,
    "rxn00588_c0": -0.8356239803964632,
    "rxn03164_c0": 0.013588393679979374,
    "rxn03893_c0": 0.00187536380710445,
    "rxn00213_c0": 0.02033442324154158,
    "rxn01213_c0": 0.0037507276142089,
    "rxn03241_c0": -0.015670965764971456,
    "rxn02402_c0": 0.005157250469537533,
    "rxn01973_c0": 0.15673866309207318,
    "3_DASH_DEHYDROQUINATE_DASH_DEHYDRATASE_DASH_RXN": -0.6887229833701595,
    "rxn00558_c0": -0.04066884648308316,
    "rxn10092_c0": 0.035631912334984556,
    "rxn02929_c0": 0.15673866309207318,
    "rxn02159_c0": 0.02863005388241876,
    "rxn03175_c0": 0.02863005388241876,
    "rxn01466_c0": 0.0037507276142089,
    "rxn09449_c0": -0.005256736764301089,
    "rxn01333_c0": -0.36693007316825577,
    "rxn02474_c0": 0.003281886662432788,
    "rxn02789_c0": 0.20041037717693133,
    "rxn12420_c0": 0.0037507276142089026,
    "rxn06777_c0": -0.015670965764971453,
    "rxn05468_c0": -6.455520223146344,
    "rxn01018_c0": 0.17949344701696565,